component,layer,position,mem,cp,diff,mem_perc,cp_perc,diff_perc,mem_std,cp_std,mem_idx,cp_idx
resid_post,0,0,1.7007261703838594e-05,1.611719017091673e-05,8.900712487047713e-07,-99.4649887084961,-91.41858673095703,-99.9702377319336,6.812012998125283e-06,6.921050044184085e-06,27115.384765625,28492.744140625
resid_post,0,1,0.0023188849445432425,4.621576954377815e-05,0.0022726692259311676,-27.053293228149414,-75.39295196533203,-24.0179386138916,0.00984520185738802,8.866223652148619e-05,4588.10888671875,13309.4697265625
resid_post,0,2,3.951277176383883e-05,1.757240534061566e-05,2.1940360966254957e-05,-98.75701904296875,-90.6437759399414,-99.26646423339844,0.00010289131751051173,1.7068723536795005e-05,10861.7470703125,17407.640625
resid_post,0,3,4.593919584294781e-05,2.2899932446307503e-05,2.3039261577650905e-05,-98.55486297607422,-87.80720520019531,-99.22972869873047,0.00010187170846620575,1.4146193279884756e-05,12954.666015625,21248.83203125
resid_post,0,4,2.6172101570409723e-05,2.3351780328084715e-05,2.820321697072359e-06,-99.17668914794922,-87.56661224365234,-99.90571594238281,8.011157660803292e-06,6.711987225571647e-06,15144.82421875,18864.83984375
resid_post,0,5,0.04145457223057747,0.0008824932156130672,0.04057207703590393,1204.0640869140625,369.8732604980469,1256.444580078125,0.03195067122578621,0.0015943495091050863,2074.87939453125,3193.786865234375
resid_post,0,6,6.496229616459459e-05,0.0014652010286226869,-0.0014002386014908552,-97.9564437866211,680.1292724609375,-146.81411743164062,7.404151256196201e-05,0.0034955290611833334,5827.818359375,0.413388192653656
resid_post,0,7,2.6411211365484633e-05,2.6214414901915006e-05,1.9679472984535096e-07,-99.1691665649414,-86.04243469238281,-99.99342346191406,6.355269306368427e-06,6.190120984683745e-06,11933.35546875,11931.59765625
resid_post,0,8,1.3230187505541835e-06,1.1368512105036643e-06,1.8616741215282673e-07,-99.95838165283203,-99.39469909667969,-99.9937744140625,7.506006113544572e-06,6.050189313100418e-06,261.14959716796875,364.5708923339844
resid_post,0,9,0.00039342400850728154,3.521160761010833e-05,0.0003582123899832368,-87.6238021850586,-81.25199127197266,-88.0239028930664,0.0015385934384539723,3.639552596723661e-05,4494.205078125,12817.0576171875
resid_post,0,10,2.720665725064464e-05,1.835681359807495e-05,8.849843652569689e-06,-99.14413452148438,-90.22612762451172,-99.7041244506836,3.488533548079431e-05,1.3083938938507345e-05,10461.5029296875,15731.87109375
resid_post,0,11,3.44535474141594e-05,2.3176646209321916e-05,1.1276901204837486e-05,-98.91616821289062,-87.65985870361328,-99.62297821044922,4.2333231249358505e-05,9.573046554578468e-06,13205.2724609375,19773.3984375
resid_post,0,12,2.378392673563212e-05,2.2469550458481535e-05,1.3143769592716126e-06,-99.2518081665039,-88.03634643554688,-99.95606231689453,8.494025678373873e-06,7.677520443394314e-06,14737.740234375,16986.310546875
resid_post,0,13,3.059982554987073e-05,2.8994814783800393e-05,1.6050111071308493e-06,-99.03739929199219,-84.56204986572266,-99.94635009765625,9.114934982790146e-06,8.57352188177174e-06,7244.27197265625,8878.6884765625
resid_post,1,0,2.019846397161018e-05,1.8684315364225768e-05,1.5141520179895451e-06,-99.37188720703125,-90.05882263183594,-99.94999694824219,1.167028949566884e-05,1.2274520486244e-05,23139.33203125,25008.658203125
resid_post,1,1,0.0028564922977238894,5.594133835984394e-05,0.0028005510102957487,-11.172150611877441,-70.2358627319336,-7.505821704864502,0.012820559553802013,0.0002465964644216001,4561.892578125,13175.0087890625
resid_post,1,2,4.58566501038149e-05,2.0106213924009353e-05,2.5750436179805547e-05,-98.57400512695312,-89.30228424072266,-99.14954376220703,9.750657773111016e-05,2.2950705897528678e-05,8675.3046875,15469.001953125
resid_post,1,3,5.5767981393728405e-05,2.711447268666234e-05,2.8653506888076663e-05,-98.26578521728516,-85.57347869873047,-99.05365753173828,0.0001009274274110794,1.953373612195719e-05,9144.3408203125,17562.8046875
resid_post,1,4,3.157106038997881e-05,2.6609088308759965e-05,4.961973445460899e-06,-99.01824188232422,-85.84236907958984,-99.83611297607422,1.1657132745312992e-05,9.129471436608583e-06,11122.4287109375,15354.0712890625
resid_post,1,5,0.04145457223057747,0.0008824932156130672,0.04057207703590393,1189.105712890625,369.53924560546875,1239.9794921875,0.03195067122578621,0.0015943495091050863,2074.87939453125,3193.786865234375
resid_post,1,6,7.98438341007568e-05,0.001430518925189972,-0.0013506748946383595,-97.51710510253906,661.1217041015625,-144.6089324951172,0.00011837342026410624,0.004284854047000408,4785.95166015625,1.4083701372146606
resid_post,1,7,3.0376661015907302e-05,2.967145701404661e-05,7.052016712805198e-07,-99.05538177490234,-84.21300506591797,-99.9767074584961,9.018439413921442e-06,8.882182555680629e-06,9362.0703125,9782.056640625
resid_post,1,8,1.3388508932621335e-06,1.1544965445864364e-06,1.8435420656714996e-07,-99.95836639404297,-99.38573455810547,-99.99391174316406,7.411144451907603e-06,6.151391517050797e-06,244.94334411621094,356.3708801269531
resid_post,1,9,0.0003190274874214083,3.605994788813405e-05,0.0002829675795510411,-90.07925415039062,-80.81394958496094,-90.65438079833984,0.0012659556232392788,4.874103615293279e-05,4108.8408203125,11928.7587890625
resid_post,1,10,2.7878071705345064e-05,1.9527675249264576e-05,8.350395546585787e-06,-99.1330795288086,-89.61009979248047,-99.72420501708984,3.111935802735388e-05,1.432184308214346e-05,9547.9931640625,14197.7392578125
resid_post,1,11,3.6231711419532076e-05,2.5408926376258023e-05,1.082278868125286e-05,-98.8733139038086,-86.48092651367188,-99.6425552368164,3.570783883333206e-05,1.0708141417126171e-05,10632.0771484375,16523.9765625
resid_post,1,12,2.6358246032032184e-05,2.478005990269594e-05,1.5781870388309471e-06,-99.18033599853516,-86.81552124023438,-99.9478759765625,1.1507600902405102e-05,1.032995442074025e-05,12347.6171875,14295.8896484375
resid_post,1,13,3.515280695864931e-05,3.3212589187314734e-05,1.9402166344661964e-06,-98.9068603515625,-82.32891082763672,-99.93592071533203,1.3382256838667672e-05,1.2404831977619324e-05,5925.388671875,7114.94580078125
resid_post,2,0,1.622504714759998e-05,1.5100838936632499e-05,1.1242090067753452e-06,-99.47808837890625,-91.18999481201172,-99.96173095703125,1.0123952051799279e-05,1.0498115443624556e-05,22775.779296875,24598.400390625
resid_post,2,1,0.0013719794806092978,5.497188612935133e-05,0.0013170074671506882,-55.86693572998047,-67.92874908447266,-55.163082122802734,0.0044801500625908375,0.000178441870957613,4254.5966796875,13193.0
resid_post,2,2,5.900568430661224e-05,2.2807589630247094e-05,3.619809285737574e-05,-98.10194396972656,-86.69377899169922,-98.76765441894531,0.00011520683619892225,2.9847953555872664e-05,7383.43896484375,14066.75390625
resid_post,2,3,7.111450395314023e-05,3.186069443472661e-05,3.925380951841362e-05,-97.7124252319336,-81.41209411621094,-98.66361236572266,0.0001347312208963558,2.9015689506195486e-05,6665.8623046875,15121.5146484375
resid_post,2,4,3.963394192396663e-05,3.1163435778580606e-05,8.47050341690192e-06,-98.72508239746094,-81.81887817382812,-99.71162414550781,1.980918023036793e-05,1.3935160495748278e-05,8361.7568359375,12644.92578125
resid_post,2,5,0.04145457223057747,0.0008824932156130672,0.04057207703590393,1233.4874267578125,414.8570861816406,1281.2579345703125,0.03195067122578621,0.0015943495091050863,2074.87939453125,3193.786865234375
resid_post,2,6,9.370008046971634e-05,0.0011739875189960003,-0.0010802875040099025,-96.98590850830078,584.9183349609375,-136.77789306640625,0.00015788317250553519,0.0019677679520100355,4577.7138671875,3.5691490173339844
resid_post,2,7,3.378087421879172e-05,3.3206270018126816e-05,5.746038596043945e-07,-98.91336059570312,-80.62705993652344,-99.98043060302734,9.66448806138942e-06,9.797038728720509e-06,7370.11083984375,7566.12841796875
resid_post,2,8,1.5458091411346686e-06,1.3217033938417444e-06,2.2410598887745437e-07,-99.95027923583984,-99.22889709472656,-99.99236297607422,8.561575668863952e-06,7.03695241099922e-06,190.14427185058594,259.1778259277344
resid_post,2,9,0.00023727910593152046,3.7748803151771426e-05,0.0001995302882278338,-92.36734008789062,-77.97689819335938,-93.20708465576172,0.0007009656401351094,5.121605136082508e-05,3118.0546875,10917.49609375
resid_post,2,10,3.130413460894488e-05,2.0960564143024385e-05,1.0343569556425791e-05,-98.99303436279297,-87.77135467529297,-99.64785766601562,3.357558307470754e-05,1.5992936823749915e-05,8072.6455078125,12774.7109375
resid_post,2,11,4.0681417885934934e-05,2.7910440621781163e-05,1.2770977264153771e-05,-98.69139099121094,-83.71671295166016,-99.56521606445312,3.788995309150778e-05,1.2803025128960144e-05,7845.48193359375,14043.0009765625
resid_post,2,12,2.964502891700249e-05,2.7103791580884717e-05,2.5412359718757216e-06,-99.04640197753906,-84.18732452392578,-99.91348266601562,1.5099796655704267e-05,1.2273306310817134e-05,9827.5263671875,11930.96484375
resid_post,2,13,4.180454561719671e-05,3.903979086317122e-05,2.7647513434203574e-06,-98.65525817871094,-77.22371673583984,-99.90586853027344,1.8287884813616984e-05,1.6300951756420545e-05,4505.791015625,5509.69384765625
resid_post,3,0,1.664500632614363e-05,1.532469286757987e-05,1.3203128901295713e-06,-99.45999908447266,-90.82869720458984,-99.95470428466797,1.1254021046624985e-05,1.113700091082137e-05,21039.033203125,22946.595703125
resid_post,3,1,0.000998297124169767,6.257291533984244e-05,0.0009357242961414158,-67.61307525634766,-62.55227279663086,-67.90314483642578,0.0022142091765999794,0.0001989236770896241,4047.434326171875,12493.693359375
resid_post,3,2,6.939455488463864e-05,2.373680217715446e-05,4.565775452647358e-05,-97.74869537353516,-85.79434204101562,-98.43386840820312,0.00016043841606006026,3.542343984008767e-05,6699.42333984375,13589.4375
resid_post,3,3,8.295315637951717e-05,3.53036739397794e-05,4.764948243973777e-05,-97.30882263183594,-78.8719711303711,-98.36554718017578,0.00015642461949028075,3.9578808355145156e-05,5836.55712890625,13972.5078125
resid_post,3,4,4.350226299720816e-05,3.395669045858085e-05,9.545573448122013e-06,-98.58869171142578,-79.67809295654297,-99.67256927490234,2.4797362129902467e-05,1.7523190763313323e-05,7449.92626953125,11323.2705078125
resid_post,3,5,0.04145457223057747,0.0008824932156130672,0.04057207703590393,1244.876220703125,428.14166259765625,1291.6878662109375,0.03195067122578621,0.0015943495091050863,2074.87939453125,3193.786865234375
resid_post,3,6,0.00010541523806750774,0.0010866589145734906,-0.0009812437929213047,-96.58009338378906,550.3278198242188,-133.6582489013672,0.00023506877187173814,0.0012487797066569328,4460.2666015625,7.963669300079346
resid_post,3,7,3.636914334492758e-05,3.618340633693151e-05,1.857352174283733e-07,-98.82010650634766,-78.34547424316406,-99.99362182617188,1.1590366739255842e-05,1.1599488971114624e-05,6900.26806640625,6774.1708984375
resid_post,3,8,1.7782122085918672e-06,1.4564941466232995e-06,3.2171794828173006e-07,-99.94231414794922,-99.12833404541016,-99.98896026611328,9.80925415206002e-06,7.84611711424077e-06,196.64627075195312,256.9219970703125
resid_post,3,9,0.00018703629029914737,3.7168836570344865e-05,0.0001498674537288025,-93.93212890625,-77.7557373046875,-94.85929870605469,0.0004187755985185504,5.6234406656585634e-05,2985.97021484375,11552.900390625
resid_post,3,10,3.301971810287796e-05,2.074124859063886e-05,1.2278469512239099e-05,-98.92876434326172,-87.58707427978516,-99.57882690429688,4.035384699818678e-05,1.6966279872576706e-05,8463.1474609375,13166.30078125
resid_post,3,11,4.335954872658476e-05,2.8795884645660408e-05,1.456366680940846e-05,-98.59332275390625,-82.76666259765625,-99.50045013427734,4.389843888930045e-05,1.4712991287524346e-05,7999.51416015625,13916.8779296875
resid_post,3,12,3.19212740578223e-05,2.879901512642391e-05,3.1222623420035234e-06,-98.96440124511719,-82.76478576660156,-99.89289855957031,1.6271556887659244e-05,1.3756118278251961e-05,8434.44921875,10605.6142578125
resid_post,3,13,4.944887768942863e-05,4.612449265550822e-05,3.324387989778188e-06,-98.3957748413086,-72.39608764648438,-99.88597106933594,2.336271973035764e-05,2.1989828383084387e-05,3192.21240234375,3955.479248046875
resid_post,4,0,1.6123289242386818e-05,1.4907028344168793e-05,1.2162602160969982e-06,-99.47222900390625,-89.83972930908203,-99.95817565917969,1.14967242552666e-05,1.0904599548666738e-05,20207.326171875,22029.734375
resid_post,4,1,0.0006954605923965573,5.4709980759071186e-05,0.0006407506298273802,-77.23515319824219,-62.71099853515625,-77.96788024902344,0.001386853284202516,0.00023569646873511374,4218.30810546875,13899.052734375
resid_post,4,2,6.112956180004403e-05,2.1115172785357572e-05,4.0014387195697054e-05,-97.99901580810547,-85.60840606689453,-98.62411499023438,0.00012772329500876367,3.0239025363698602e-05,7060.48095703125,14024.1767578125
resid_post,4,3,8.027066360227764e-05,3.4297758247703314e-05,4.5972901716595516e-05,-97.3724594116211,-76.62347412109375,-98.41922760009766,0.00015722820535302162,3.871843364322558e-05,6229.0078125,14109.4482421875
resid_post,4,4,4.562035610433668e-05,3.556439696694724e-05,1.0055964594357647e-05,-98.50668334960938,-75.7601547241211,-99.65422058105469,2.9174865630920976e-05,2.0461156964302063e-05,7344.5361328125,10969.2763671875
resid_post,4,5,0.04145457223057747,0.0008824932156130672,0.04057207703590393,1256.9525146484375,501.4861145019531,1295.065185546875,0.03195067122578621,0.0015943495091050863,2074.87939453125,3193.786865234375
resid_post,4,6,9.403954754816368e-05,0.0008147108601406217,-0.0007206712034530938,-96.9217529296875,455.2873229980469,-124.78018188476562,0.00028561369981616735,0.0007398523739539087,5405.453125,19.870834350585938
resid_post,4,7,3.766142253880389e-05,3.766976442420855e-05,-8.33826785395786e-09,-98.7672119140625,-74.3251953125,-100.00028991699219,1.4010106497153174e-05,1.409227024851134e-05,7665.59521484375,7354.6806640625
resid_post,4,8,1.7492529877927154e-06,1.48278388678591e-06,2.6646910100680543e-07,-99.94274139404297,-98.98937225341797,-99.9908447265625,9.5176083050319e-06,8.009510565898381e-06,196.5435028076172,263.63775634765625
resid_post,4,9,0.00012553046690300107,3.214410025975667e-05,9.338637028122321e-05,-95.89096069335938,-78.09135437011719,-96.78892517089844,0.00018297135829925537,5.128099292051047e-05,3118.084228515625,14049.853515625
resid_post,4,10,3.061533789150417e-05,1.9366862034075893e-05,1.124847858591238e-05,-98.99785614013672,-86.80001068115234,-99.61322021484375,3.571429988369346e-05,1.613915628695395e-05,9677.6689453125,14228.72265625
resid_post,4,11,4.134795381105505e-05,2.7430005502537824e-05,1.391795103700133e-05,-98.64653778076172,-81.30437469482422,-99.52143859863281,3.9502829167759046e-05,1.4084449503570795e-05,9218.9287109375,15063.7138671875
resid_post,4,12,3.1922932976158336e-05,2.8505783120635897e-05,3.4171471270383336e-06,-98.95504760742188,-80.5711441040039,-99.88249969482422,1.815848190744873e-05,1.5280202205758542e-05,9777.595703125,12155.134765625
resid_post,4,13,5.361299554351717e-05,4.966566484654322e-05,3.9473316064686514e-06,-98.24505615234375,-66.14907836914062,-99.86426544189453,2.961239624710288e-05,2.622819556563627e-05,4068.763427734375,4640.25634765625
resid_post,5,0,1.6597707144683227e-05,1.512932067271322e-05,1.4683857898489805e-06,-99.4573745727539,-89.61382293701172,-99.94959259033203,1.4471534996118862e-05,1.1961716154473834e-05,19522.46875,21210.357421875
resid_post,5,1,0.0006702434620819986,5.6625161960255355e-05,0.0006136183510534465,-78.08781433105469,-61.12721633911133,-78.9359130859375,0.001340585993602872,0.0003149402909912169,4004.642333984375,13688.0068359375
resid_post,5,2,6.376393139362335e-05,2.126525214407593e-05,4.2498675611568615e-05,-97.91537475585938,-85.40155029296875,-98.54112243652344,0.0001403521018801257,3.2791151170386e-05,6594.6474609375,13348.5986328125
resid_post,5,3,9.195412712870166e-05,3.731423203134909e-05,5.4639895097352564e-05,-96.99375915527344,-74.384033203125,-98.12434387207031,0.00020925840362906456,4.454502050066367e-05,5430.5888671875,12981.97265625
resid_post,5,4,5.120658170199022e-05,3.9086306060198694e-05,1.2120276551286224e-05,-98.3259048461914,-73.16751861572266,-99.58393859863281,3.1871495593804866e-05,2.267880699946545e-05,6416.1123046875,9820.724609375
resid_post,5,5,0.04145457223057747,0.0008824932156130672,0.04057207703590393,1255.2691650390625,505.82550048828125,1292.74462890625,0.03195067122578621,0.0015943495091050863,2074.87939453125,3193.786865234375
resid_post,5,6,8.993223309516907e-05,0.0007181453984230757,-0.0006282131653279066,-97.05986022949219,393.00189208984375,-121.56509399414062,0.00028006418142467737,0.0006303621339611709,6088.55224609375,36.99197006225586
resid_post,5,7,3.788434332818724e-05,3.774711149162613e-05,1.3723639824547718e-07,-98.7614517211914,-74.08686828613281,-99.99529266357422,1.5070894733071327e-05,1.5203741895675194e-05,8168.2353515625,7914.90966796875
resid_post,5,8,2.3916768441267777e-06,1.827062874326657e-06,5.646135718961887e-07,-99.92180633544922,-98.74573516845703,-99.9806137084961,1.318833528785035e-05,9.982441042666323e-06,145.0484161376953,215.68260192871094
resid_post,5,9,0.00013907825632486492,3.312864282634109e-05,0.00010594961349852383,-95.45313262939453,-77.25741577148438,-96.36299896240234,0.000251161603955552,5.449072705232538e-05,2991.891357421875,13826.7060546875
resid_post,5,10,3.396443571546115e-05,2.042332744167652e-05,1.354110827378463e-05,-98.88961029052734,-85.97953033447266,-99.53515625,4.427463500178419e-05,2.2602411263505928e-05,9039.6142578125,13380.607421875
resid_post,5,11,4.2670635593822226e-05,2.752626096480526e-05,1.5144374629016966e-05,-98.60498046875,-81.1034164428711,-99.48013305664062,4.6423865569522604e-05,1.7774582374840975e-05,10615.353515625,16097.7216796875
resid_post,5,12,3.253808245062828e-05,2.84453035419574e-05,4.0927802729129326e-06,-98.93624114990234,-80.47249603271484,-99.85950469970703,2.1640349586959928e-05,1.7328364265267737e-05,11912.462890625,14023.9794921875
resid_post,5,13,9.59901008172892e-05,0.00012019371206406504,-2.4203625798691064e-05,-96.86180877685547,-17.48784637451172,-100.83085632324219,7.32499102014117e-05,9.614044392947108e-05,2323.4384765625,1014.96435546875
resid_post,6,0,1.7258586012758315e-05,1.4971602467994671e-05,2.286986045874073e-06,-99.43960571289062,-90.93436431884766,-99.9215316772461,2.1070241928100586e-05,1.4508625099551864e-05,18989.708984375,20904.392578125
resid_post,6,1,0.0006625042296946049,6.211191794136539e-05,0.0006003922317177057,-78.48811340332031,-62.38987731933594,-79.40028381347656,0.0010180941317230463,0.00044464177335612476,4040.290283203125,13553.9462890625
resid_post,6,2,0.00011073248606408015,2.652849434525706e-05,8.420398808084428e-05,-96.40444946289062,-83.9364242553711,-97.11092376708984,0.000290523050352931,4.912600707029924e-05,4553.31689453125,11600.083984375
resid_post,6,3,0.00013261438289191574,4.474150046007708e-05,8.787286787992343e-05,-95.69393920898438,-72.90805053710938,-96.98503875732422,0.00032855357858352363,7.03036566847004e-05,3972.610595703125,11733.5009765625
resid_post,6,4,7.343646575463936e-05,4.9715108616510406e-05,2.3721353500150144e-05,-97.615478515625,-69.89642333984375,-99.18611145019531,5.863045953446999e-05,3.662722519948147e-05,4192.7353515625,7832.64697265625
resid_post,6,5,0.04145457223057747,0.0008824932156130672,0.04057207703590393,1246.0537109375,434.3688659667969,1292.045654296875,0.03195067122578621,0.0015943495091050863,2074.87939453125,3193.786865234375
resid_post,6,6,9.699615475255996e-05,0.0007817359291948378,-0.0006847397889941931,-96.8504867553711,373.358154296875,-123.49372100830078,0.0004344446351751685,0.0008917011437006295,6031.8544921875,67.04265594482422
resid_post,6,7,5.020474418415688e-05,4.99529269291088e-05,2.5181179807987064e-07,-98.36981964111328,-69.75241088867188,-99.99134826660156,2.4413808205281384e-05,2.3736394723528065e-05,5448.13671875,5088.42529296875
resid_post,6,8,3.197907062713057e-06,2.4471310098306276e-06,7.507757686653349e-07,-99.89615631103516,-98.5182113647461,-99.97423553466797,1.815488030842971e-05,1.3562646017817315e-05,99.47571563720703,139.71592712402344
resid_post,6,9,0.00018482461746316403,3.66558124369476e-05,0.00014816879411228,-93.9986343383789,-77.80410766601562,-94.91626739501953,0.000506661890540272,0.00012065967894159257,3024.99755859375,13394.466796875
resid_post,6,10,4.3203359382459894e-05,2.3038384824758396e-05,2.0164978195680305e-05,-98.59716033935547,-86.04975891113281,-99.3081283569336,7.759246364003047e-05,3.453882527537644e-05,7852.23583984375,12075.814453125
resid_post,6,11,4.8399964725831524e-05,3.190022107446566e-05,1.649974728934467e-05,-98.42842864990234,-80.6837158203125,-99.43389129638672,5.278466414893046e-05,2.7679776394506916e-05,9452.7177734375,13989.2138671875
resid_post,6,12,4.1595361835788935e-05,3.6240606277715415e-05,5.354747827368556e-06,-98.64937591552734,-78.05552673339844,-99.8162841796875,3.272264439146966e-05,2.5464873033342883e-05,8720.6337890625,10395.177734375
resid_post,6,13,0.00019642568076960742,0.0002695224538911134,-7.30967367417179e-05,-93.62194061279297,63.20172119140625,-102.50798034667969,0.0004054569290019572,0.00040222847019322217,1148.9765625,386.3449401855469
resid_post,7,0,1.7709062376525253e-05,1.555738526803907e-05,2.1516784727282356e-06,-99.43810272216797,-96.3819580078125,-99.92094421386719,2.3755934307700954e-05,1.7393005691701546e-05,17590.169921875,19405.703125
resid_post,7,1,0.0009141115588136017,9.604025399312377e-05,0.000818071304820478,-70.99578857421875,-77.66478729248047,-69.94214630126953,0.0014305644435808063,0.0011829938739538193,4198.591796875,13272.1826171875
resid_post,7,2,0.00015254704339895397,3.219104837626219e-05,0.0001203560022986494,-95.1597671508789,-92.51361846923828,-95.57784271240234,0.0004295328981243074,8.326080569531769e-05,3994.694580078125,10727.2841796875
resid_post,7,3,0.00018697108316700906,6.30222202744335e-05,0.0001239488774444908,-94.06752014160156,-85.34349060058594,-95.44583129882812,0.0004824912757612765,0.00021893759549129754,3028.6552734375,10258.2822265625
resid_post,7,4,0.00011005964188370854,6.698803917970508e-05,4.3071599066024646e-05,-96.50787353515625,-84.42118835449219,-98.41744995117188,0.00014129657938610762,6.675115582766011e-05,3110.015625,6382.02490234375
resid_post,7,5,0.04145457223057747,0.0008824932156130672,0.04057207703590393,1215.32861328125,105.2334976196289,1390.7127685546875,0.03195067122578621,0.0015943495091050863,2074.87939453125,3193.786865234375
resid_post,7,6,0.00017161789583042264,0.0010673610959202051,-0.0008957433165051043,-94.55467224121094,148.2265625,-132.9116973876953,0.0016931542195379734,0.0011270693503320217,4543.1806640625,64.43045043945312
resid_post,7,7,6.095530989114195e-05,6.107811350375414e-05,-1.2279753036636976e-07,-98.06592559814453,-85.79561614990234,-100.00450897216797,3.435670441831462e-05,3.0196870284271426e-05,4181.47314453125,3985.9306640625
resid_post,7,8,5.4939168876444455e-06,3.67660550182336e-06,1.817310703700059e-06,-99.82567596435547,-99.14496612548828,-99.93323516845703,3.840330464299768e-05,2.1007926989113912e-05,63.863033294677734,91.6943130493164
resid_post,7,9,0.0002573277160990983,4.428604006534442e-05,0.00021304169786162674,-91.83514404296875,-89.70079040527344,-92.17234802246094,0.0011345510138198733,0.00026243648608215153,2727.996337890625,12306.5595703125
resid_post,7,10,7.247771281981841e-05,2.4673376174177974e-05,4.780432936968282e-05,-97.70032501220703,-94.26193237304688,-98.24356079101562,0.00047013454604893923,6.407430919352919e-05,7544.58544921875,12099.4404296875
resid_post,7,11,5.957142639090307e-05,4.5382377720670775e-05,1.4189052308211103e-05,-98.10983276367188,-89.44583129882812,-99.4786605834961,8.546772005502135e-05,0.0003845518222078681,7925.33740234375,12681.1533203125
resid_post,7,12,5.821446393383667e-05,4.882126086158678e-05,9.393199434271082e-06,-98.15289306640625,-88.64608001708984,-99.6548843383789,0.00012373918434605002,8.04814335424453e-05,7842.2705078125,9732.201171875
resid_post,7,13,0.0006014836835674942,0.0035683552268892527,-0.002966871252283454,-80.915283203125,729.8602905273438,-209.00979614257812,0.0008673107367940247,0.007209007162600756,601.6163940429688,9.495985984802246
resid_post,8,0,1.613650056242477e-05,1.3594188203569502e-05,2.5423125862289453e-06,-99.5068588256836,-98.49512481689453,-99.89268493652344,2.6675508706830442e-05,1.9430315660429187e-05,18595.24609375,20408.912109375
resid_post,8,1,0.0010753116803243756,9.719259105622768e-05,0.0009781189728528261,-67.13834381103516,-89.24073791503906,-58.709983825683594,0.0016108577838167548,0.0011579709826037288,4283.77880859375,13078.294921875
resid_post,8,2,0.0002804492542054504,3.537200973369181e-05,0.00024507727357558906,-91.429443359375,-96.08430480957031,-89.65438079833984,0.0007823453051969409,0.00011863186955451965,3016.26416015625,10387.70703125
resid_post,8,3,0.0002689275424927473,7.66175362514332e-05,0.00019230999168939888,-91.78153991699219,-91.51840209960938,-91.88188171386719,0.0007310407236218452,0.0004352980758994818,2164.17578125,9879.6123046875
resid_post,8,4,0.0003225968102924526,0.00012245473044458777,0.00020014206529594958,-90.14139556884766,-86.44419860839844,-91.55125427246094,0.0007752908277325332,0.00030561312451027334,2019.3829345703125,5342.98583984375
resid_post,8,5,0.04145457223057747,0.0008824932156130672,0.04057207703590393,1166.85693359375,-2.3075623512268066,1612.6971435546875,0.03195067122578621,0.0015943495091050863,2074.87939453125,3193.786865234375
resid_post,8,6,0.0002485086442902684,0.0013252764474600554,-0.001076767803169787,-92.40554809570312,46.708763122558594,-145.454345703125,0.003287437604740262,0.0015111194225028157,3936.504150390625,77.82456970214844
resid_post,8,7,8.044200512813404e-05,7.918566552689299e-05,1.2563427844725084e-06,-97.54167938232422,-91.2341079711914,-99.94696044921875,5.631848398479633e-05,5.682890332536772e-05,3366.444091796875,3499.69580078125
resid_post,8,8,7.891944733273704e-06,5.301560122461524e-06,2.590385292933206e-06,-99.75881958007812,-99.41311645507812,-99.8906478881836,6.283629772951826e-05,3.335804649395868e-05,51.20674514770508,78.36498260498047
resid_post,8,9,0.0002884548739530146,4.927373811369762e-05,0.00023918115766718984,-91.18478393554688,-94.54537200927734,-89.90328216552734,0.0021264078095555305,0.00038803162169642746,2870.857177734375,12063.89453125
resid_post,8,10,0.0001284035388380289,3.4586439142003655e-05,9.381711424794048e-05,-96.07597351074219,-96.17127227783203,-96.03963470458984,0.0011933996574953198,0.00020060183305758983,7233.091796875,11959.3076171875
resid_post,8,11,7.421671762131155e-05,5.919245450058952e-05,1.5024267668195534e-05,-97.73192596435547,-93.4473648071289,-99.36576843261719,0.00010120560909854248,0.0006674494361504912,6011.94384765625,10195.2021484375
resid_post,8,12,9.231850708601996e-05,7.527897105319425e-05,1.703953603282571e-05,-97.1787338256836,-91.66658020019531,-99.28070068359375,0.0003365298907738179,0.00021425567683763802,6554.41259765625,7985.841796875
resid_post,8,13,0.0014730958500877023,0.009790917858481407,-0.008317820727825165,-54.98200607299805,983.8594360351562,-451.12591552734375,0.0023273045662790537,0.018523966893553734,459.77569580078125,3.893516778945923
resid_post,9,0,1.8340404494665563e-05,1.3979382856632583e-05,4.36102163803298e-06,-99.59078216552734,-99.89328002929688,-100.05061340332031,6.309067248366773e-05,2.5257451852667145e-05,18365.001953125,19944.681640625
resid_post,9,1,0.003175086108967662,0.0001592066400917247,0.0030158793088048697,-29.1578369140625,-98.78457641601562,-134.9991455078125,0.004323003813624382,0.0022575915791094303,4252.2392578125,12451.9248046875
resid_post,9,2,0.001924006501212716,6.751556065864861e-05,0.0018564907368272543,-57.0717887878418,-99.48457336425781,-121.54448699951172,0.005294937640428543,0.00035501422826200724,1896.6224365234375,9616.4111328125
resid_post,9,3,0.0009323326521553099,0.00019640265963971615,0.0007359299925155938,-79.1978988647461,-98.50061798095703,-108.54043579101562,0.002372635994106531,0.0038433175068348646,905.8153076171875,9181.044921875
resid_post,9,4,0.0030226605013012886,0.00032425683457404375,0.0026984037831425667,-32.55874252319336,-97.5245590209961,-131.31484985351562,0.011109423823654652,0.0017832176527008414,856.2446899414062,4531.0361328125
resid_post,9,5,0.04145457223057747,0.0008824932156130672,0.04057207703590393,824.9297485351562,-93.26286315917969,-570.8369750976562,0.03195067122578621,0.0015943495091050863,2074.87939453125,3193.786865234375
resid_post,9,6,0.0005746152019128203,0.002709205262362957,-0.002134590409696102,-87.17924499511719,-79.31735229492188,-75.22817993164062,0.012234075926244259,0.0036302802618592978,2487.474609375,52.32175827026367
resid_post,9,7,0.00046476576244458556,0.000510627229232341,-4.586144132190384e-05,-89.63019561767578,-96.10176086425781,-99.46778106689453,0.0006171594141051173,0.0007538695936091244,963.5321044921875,1040.4903564453125
resid_post,9,8,4.75568522233516e-05,2.4576755095040426e-05,2.298009530932177e-05,-98.93891143798828,-99.81237030029297,-100.26668548583984,0.0011592474766075611,0.00022800453007221222,24.219392776489258,39.50627899169922
resid_post,9,9,0.0013486116658896208,0.00011200206790817901,0.001236609648913145,-69.90992736816406,-99.14495849609375,-114.35079193115234,0.015582721680402756,0.001739975530654192,1743.052978515625,8427.9814453125
resid_post,9,10,0.0014686478534713387,0.0001347620418528095,0.0013338858261704445,-67.23169708251953,-98.97119903564453,-115.47967529296875,0.01635686680674553,0.0021299731452018023,4392.20556640625,9352.0126953125
resid_post,9,11,0.0002935093070846051,0.00038075551856309175,-8.724624785827473e-05,-93.45125579833984,-97.09323120117188,-98.98751068115234,0.0010305995820090175,0.010056767612695694,2145.2255859375,5575.04541015625
resid_post,9,12,0.00044892600271850824,0.0005373754538595676,-8.844944386510178e-05,-89.9836196899414,-95.89755249023438,-98.97354888916016,0.003306382102891803,0.0025001380126923323,2387.131103515625,3476.592041015625
resid_post,9,13,0.007573193404823542,0.1773318201303482,-0.1697586178779602,68.97223663330078,1253.7890625,1870.0406494140625,0.011786645278334618,0.19805803894996643,37.78482437133789,0.08109193295240402
resid_post,10,0,2.3802338546374813e-05,1.5393230569316074e-05,8.409107067564037e-06,-99.77910614013672,-99.96977996826172,-100.02093505859375,0.0001639830879867077,5.594284812104888e-05,16836.744140625,18592.732421875
resid_post,10,1,0.01560804434120655,0.0002715252048801631,0.015336520969867706,44.84406280517578,-99.467041015625,-138.17840576171875,0.022796042263507843,0.001031773048453033,4319.21630859375,12563.513671875
resid_post,10,2,0.01181518193334341,0.00014451867900788784,0.011670662090182304,9.645956993103027,-99.7163314819336,-129.05270385742188,0.035940706729888916,0.0009146531810984015,1775.7747802734375,9597.9013671875
resid_post,10,3,0.006468594074249268,0.000771096209064126,0.005697497632354498,-39.970863342285156,-98.48645782470703,-114.1832275390625,0.0185374915599823,0.01818048767745495,672.1406860351562,9001.7255859375
resid_post,10,4,0.021765584126114845,0.0009211323340423405,0.02084445394575596,101.98658752441406,-98.19195556640625,-151.88973999023438,0.057492341846227646,0.0036920977290719748,561.219482421875,4400.794921875
resid_post,10,5,0.04145457223057747,0.0008824932156130672,0.04057207703590393,284.7021789550781,-98.26780700683594,-200.99928283691406,0.03195067122578621,0.0015943495091050863,2074.87939453125,3193.786865234375
resid_post,10,6,0.0018429832998663187,0.00837472639977932,-0.006531744264066219,-82.8969497680664,-83.56169891357422,-83.74000549316406,0.023879408836364746,0.014389527961611748,1097.646728515625,45.44961929321289
resid_post,10,7,0.005806021858006716,0.0055711097083985806,0.00023491255706176162,-46.119590759277344,-89.06476593017578,-100.58478546142578,0.010043238289654255,0.009862259030342102,328.68316650390625,428.5941467285156
resid_post,10,8,0.0002994692767970264,0.00018137037113774568,0.00011809887655545026,-97.22089385986328,-99.64400482177734,-100.29399871826172,0.009097960777580738,0.0012500331504270434,12.181158065795898,20.00533676147461
resid_post,10,9,0.004700234159827232,0.00023098821111489087,0.0044692461378872395,-56.38140106201172,-99.5466079711914,-111.12564086914062,0.04390796646475792,0.002019076608121395,1118.2293701171875,6595.876953125
resid_post,10,10,0.004693078808486462,0.000353299081325531,0.004339779727160931,-56.44780731201172,-99.30652618408203,-110.80335235595703,0.0394565723836422,0.008628114126622677,2526.743896484375,7978.59423828125
resid_post,10,11,0.0019416289869695902,0.001369195175357163,0.0005724336369894445,-81.98151397705078,-97.3124771118164,-101.42499542236328,0.004494247492402792,0.028577003628015518,978.14892578125,3509.0322265625
resid_post,10,12,0.0031415242701768875,0.004286611918359995,-0.0011450875317677855,-70.84636688232422,-91.5860366821289,-97.14944458007812,0.014019696041941643,0.014934908598661423,751.9513549804688,1342.1876220703125
resid_post,10,13,0.03129986673593521,0.6898763179779053,-0.6585764288902283,190.46560668945312,1254.1214599609375,1539.4462890625,0.05191470682621002,0.2618620991706848,15.114412307739258,0.07075471431016922
resid_post,11,0,2.2695034203934483e-05,1.540429911983665e-05,7.2907346293504816e-06,-99.84310913085938,-99.97113037109375,-100.01875305175781,0.00020004354882985353,9.248140850104392e-05,21546.92578125,22594.3984375
resid_post,11,1,0.0026466608978807926,5.166191476746462e-05,0.00259499903768301,-81.7038345336914,-99.90315246582031,-106.67479705810547,0.004186907783150673,0.0003774616925511509,5446.0146484375,15119.71875
resid_post,11,2,0.0007558680954389274,3.346633820910938e-05,0.0007224017754197121,-94.77474212646484,-99.937255859375,-101.85814666748047,0.004898741841316223,0.000460289214970544,2650.4970703125,12389.62109375
resid_post,11,3,0.0033218697644770145,0.0005346080288290977,0.002787261502817273,-77.03617095947266,-98.99778747558594,-107.16934204101562,0.014377865009009838,0.016450857743620872,756.2349243164062,9938.7685546875
resid_post,11,4,0.02086509019136429,0.0006504494813270867,0.020214639604091644,44.2387809753418,-98.78063201904297,-151.99566650390625,0.04615715891122818,0.0022332819644361734,420.58172607421875,4291.02783203125
resid_post,11,5,0.04145457223057747,0.0008824932156130672,0.04057207703590393,186.57229614257812,-98.34563446044922,-204.358642578125,0.03195067122578621,0.0015943495091050863,2074.87939453125,3193.786865234375
resid_post,11,6,0.002659653080627322,0.005974398925900459,-0.0033147460781037807,-81.614013671875,-88.8000717163086,-91.47388458251953,0.02611992135643959,0.009864723309874535,422.86199951171875,78.516357421875
resid_post,11,7,0.028169887140393257,0.015922538936138153,0.01224734727293253,94.73628997802734,-70.15076446533203,-131.5023651123047,0.044040385633707047,0.027023496106266975,269.94921875,376.9400939941406
resid_post,11,8,0.000527439930010587,0.0004603404668159783,6.709949957439676e-05,-96.35385131835938,-99.13701629638672,-100.17259216308594,0.01047069113701582,0.0037140443455427885,6.803338050842285,11.46951961517334
resid_post,11,9,0.008497118949890137,0.0005461051478050649,0.007951013743877411,-41.26005935668945,-98.97623443603516,-120.45143127441406,0.05118470638990402,0.00630356278270483,1280.20263671875,5383.68505859375
resid_post,11,10,0.006034123245626688,0.00044398606405593455,0.005590137559920549,-58.286563873291016,-99.16767883300781,-114.37882995605469,0.04893527179956436,0.00830963347107172,2661.440185546875,7719.7158203125
resid_post,11,11,0.003960710950195789,0.0015375949442386627,0.002423115773126483,-72.61990356445312,-97.11754608154297,-106.2326889038086,0.007409251760691404,0.029289718717336655,498.79034423828125,2213.219970703125
resid_post,11,12,0.014531144872307777,0.009127859957516193,0.005403285846114159,0.45269936323165894,-82.888427734375,-113.89822387695312,0.029060419648885727,0.025089846923947334,346.7369384765625,679.5760498046875
resid_post,11,13,0.06907237321138382,0.7106240391731262,-0.6415515542030334,377.4920654296875,1232.17333984375,1550.185302734375,0.09956464916467667,0.2652328610420227,7.257426738739014,0.12193898111581802
